id,pc1,pc2,pc3,pc4,mot1,mot2,mot3,mot4,pc1_1,pc2_1,pc3_1,pc4_1,mot1_1,mot2_1,mot3_1,mot4_1,mot5_1,pc1_2,pc2_2,pc3_2,pc4_2,mot1_2,mot2_2,mot3_2,mot4_2,mot5_2,pc1_3,pc2_3,pc3_3,pc4_3,mot1_3,mot2_3,mot3_3,mot4_3,mot5_3,pc1_4,pc2_4,pc3_4,pc4_4,mot1_4,mot2_4,mot3_4,mot4_4,mot5_4,male,female
1001,3.75,4,4,4,2.8,3.6,3.6,3.6,4,4,3,4,4,3,1,2,4,4,4,4,4,4,3,4,3,4,4,4,4,4,4,2,4,4,4,4,4,4,4,4,3,4,3,4,0,1
1002,2.75,2.75,3,3.75,3,3.4,3.2,3.6,3,2,3,3,3,3,3,3,3,3,2,3,3,4,3,3,3,4,3,3,3,3,4,3,2,3,4,4,3,4,4,3,3,4,4,4,0,1
1003,2.25,.,.,.,2.4,.,.,.,2,2,2,3,2,2,2,3,3,.,.,.,.,.,.,.,.,.,.,.,.,.,.,.,.,.,.,.,.,.,.,.,.,.,.,.,.,.
1004,3.5,3.25,3.5,3.75,3.4,3.2,3.4,3.4,3,3,4,4,4,3,3,3,4,3,3,3,4,3,3,3,3,4,3,3,4,4,3,3,4,4,3,3,4,4,4,4,3,4,3,3,1,0
1005,3.75,3.5,3.5,3,3.6,3.4,3.2,3.6,4,4,3,4,4,3,4,4,3,4,4,3,3,4,3,4,3,3,3,4,3,4,3,3,4,3,3,3,3,3,3,4,3,4,3,4,1,0
1006,2.25,2.75,2.25,2.25,2.8,3.2,3,3,2,3,2,2,2,2,3,3,4,3,2,3,3,3,2,4,3,4,2,2,2,3,3,3,3,3,3,2,2,2,3,3,3,3,3,3,0,1
1007,1.25,1.75,1.75,2,1.8,2.2,1.8,2.2,1,1,1,2,2,1,3,1,2,2,1,2,2,3,2,3,1,2,2,1,2,2,3,1,1,2,2,2,2,2,2,4,2,2,1,2,0,1
1008,2.25,2,.,2.25,2.6,2.6,.,2.4,2,2,3,2,3,1,3,3,3,2,2,2,2,3,2,2,3,3,.,.,.,.,.,.,.,.,.,2,2,3,2,3,2,2,3,2,0,1
1009,2.75,3,3,3,2.4,2.6,2.8,2.8,3,2,2,4,3,1,3,2,3,3,3,3,3,3,1,3,3,3,3,3,3,3,3,2,3,3,3,3,3,3,3,4,1,3,3,3,0,1
1010,2.25,3,3.25,.,3.2,3.2,3.4,.,2,2,3,2,4,1,4,3,4,3,3,3,3,3,2,3,4,4,3,4,4,2,4,1,4,4,4,.,.,.,.,.,.,.,.,.,0,1
1011,1.5,2.25,1.5,1.5,3.8,3.2,3.6,3.8,1,3,1,1,3,4,4,4,4,3,2,2,2,3,2,4,4,3,1,2,2,1,3,4,3,4,4,1,3,1,1,4,3,4,4,4,1,0
1012,3,2.5,2.75,3,3,2.6,2.8,2.8,3,3,3,3,3,3,3,3,3,3,2,3,2,3,2,3,2,3,3,3,3,2,4,2,3,2,3,3,3,3,3,3,3,3,2,3,0,1
1013,3.25,3,3,2.75,3,2.8,2.8,2.6,3,3,3,4,3,1,4,3,4,3,3,3,3,3,2,3,3,3,3,3,3,3,4,1,3,3,3,3,3,3,2,4,1,3,2,3,1,0
1014,3.75,.,.,4,4,.,.,4,4,4,3,4,4,4,4,4,4,.,.,.,.,.,.,.,.,.,.,.,.,.,.,.,.,.,.,4,4,4,4,4,4,4,4,4,1,0
1015,1.75,2.25,2.75,3,2.2,2.4,2.4,2.2,1,2,2,2,2,2,3,2,2,3,3,2,1,4,2,3,2,1,3,3,2,3,3,1,3,2,3,3,3,3,3,3,1,2,3,2,0,1
1016,2.75,3.25,2.5,2.75,3.6,3.8,3.6,3.8,3,2,3,3,3,3,4,4,4,3,3,3,4,4,3,4,4,4,4,2,3,1,4,4,4,4,2,4,1,3,3,4,4,4,4,3,1,0
1017,2.25,3.25,2.5,3,2.8,3.2,3.2,3,4,2,1,2,4,1,4,1,4,2,4,3,4,4,2,4,2,4,3,3,2,2,4,2,4,2,4,3,3,2,4,4,1,4,2,4,0,1
1018,2.25,.,.,.,2.4,.,.,.,2,3,1,3,4,2,1,2,3,.,.,.,.,.,.,.,.,.,.,.,.,.,.,.,.,.,.,.,.,.,.,.,.,.,.,.,.,.
1019,1.25,.,1.5,1.5,2,.,3.2,3.2,1,1,2,1,3,1,1,1,4,.,.,.,.,.,.,.,.,.,2,1,2,1,3,2,4,4,3,2,1,2,1,4,2,4,3,3,0,1
1020,2.75,3,2.5,.,2.8,2.6,2.4,.,3,3,2,3,3,3,3,3,2,3,3,3,3,3,2,3,2,3,3,2,2,3,3,1,3,2,3,.,.,.,.,.,.,.,.,.,1,0
1021,3.25,.,3.5,3.5,2.6,.,3,3.4,3,2,4,4,4,1,3,1,4,.,.,.,.,.,.,.,.,.,3,3,4,4,3,3,4,1,4,3,4,3,4,4,4,4,1,4,1,0
1022,4,4,3.75,4,2.8,3.4,3.4,3.8,4,4,4,4,4,1,4,3,2,4,4,4,4,4,2,4,3,4,4,4,3,4,4,3,4,3,3,4,4,4,4,4,3,4,4,4,1,0
1023,3.5,3,3,3.75,2.6,3,3,3,4,3,4,3,2,2,3,3,3,3,3,3,3,3,3,3,3,3,3,3,3,3,3,3,3,3,3,4,4,4,3,3,2,4,3,3,1,0
1024,2.75,.,.,.,3,.,.,.,3,2,3,3,3,3,3,3,3,.,.,.,.,.,.,.,.,.,.,.,.,.,.,.,.,.,.,.,.,.,.,.,.,.,.,.,0,1
1025,3.25,2.5,3.5,3.75,.,3.2,2.6,2.4,4,4,3,2,.,.,.,.,.,4,4,1,1,4,2,3,3,4,4,4,2,4,4,1,3,3,2,4,3,4,4,2,2,3,3,2,1,0
1026,2.25,.,3.5,3,3.4,.,3,3.4,2,2,2,3,4,4,3,3,3,.,.,.,.,.,.,.,.,.,4,4,3,3,4,3,3,2,3,3,3,2,4,4,3,4,2,4,1,0
1027,2.75,.,.,.,2.6,.,.,.,4,3,3,1,3,2,3,3,2,.,.,.,.,.,.,.,.,.,.,.,.,.,.,.,.,.,.,.,.,.,.,.,.,.,.,.,.,.
1028,3.25,.,3,3,2.8,2.8,2.6,3,4,3,3,3,3,2,3,3,3,.,.,.,.,3,2,3,3,3,3,3,3,3,3,2,3,3,2,3,3,3,3,4,2,3,3,3,1,0
1029,1,1.5,.,3,2.4,2.6,.,2.2,1,1,1,1,3,1,3,3,2,2,1,2,1,3,1,3,3,3,.,.,.,.,.,.,.,.,.,3,3,3,3,3,1,2,3,2,0,1
1030,3,3,3,3,2.2,2.6,2.6,2.8,3,2,4,3,2,1,2,3,3,3,3,3,3,3,1,3,3,3,3,3,3,3,3,2,2,3,3,3,3,3,3,3,2,3,3,3,1,0
1031,3.25,2.5,.,2.5,2.4,2.6,.,2.2,2,4,4,3,2,3,2,3,2,2,2,3,3,3,2,2,3,3,.,.,.,.,.,.,.,.,.,4,2,1,3,1,3,2,1,4,1,0
1032,4,4,4,4,4,3.2,3.2,4,4,4,4,4,4,4,4,4,4,4,4,4,4,4,3,1,4,4,4,4,4,4,4,3,1,4,4,4,4,4,4,4,4,4,4,4,1,0
1033,2.5,2.5,2.75,3,2.6,2.6,2.2,2.8,1,2,4,3,3,2,2,3,3,2,3,3,2,3,2,3,2,3,3,3,2,3,3,2,2,2,2,3,3,2,4,4,2,3,2,3,1,0
1034,2.5,2.5,.,.,2.8,3.2,.,.,3,3,2,2,3,1,4,3,3,3,3,3,1,3,1,4,4,4,.,.,.,.,.,.,.,.,.,.,.,.,.,.,.,.,.,.,1,0
1035,3,3,3,3,2.6,2.6,2.8,3,4,2,3,3,2,2,3,3,3,3,3,3,3,2,2,3,3,3,3,3,3,3,3,2,3,3,3,3,3,3,3,3,3,3,3,3,1,0
1036,2,2.75,2.5,.,2.4,2.8,2.4,.,1,2,2,3,3,2,2,2,3,2,4,3,2,3,2,3,3,3,2,3,3,2,3,1,3,2,3,.,.,.,.,.,.,.,.,.,0,1
1037,3.25,3.75,3.5,3.25,3.4,2.6,2.8,3,4,2,3,4,4,1,4,4,4,4,3,4,4,3,1,2,4,3,4,3,3,4,4,1,3,3,3,3,3,3,4,4,1,4,3,3,1,0
1038,4,4,4,4,3.6,3.2,3.6,2.2,4,4,4,4,4,3,4,3,4,4,4,4,4,4,2,4,3,3,4,4,4,4,4,3,4,3,4,4,4,4,4,3,1,1,3,3,1,0
1039,3.75,3.75,3.75,3.75,3.2,3.8,3.8,4,4,4,3,4,3,2,3,4,4,4,4,3,4,4,3,4,4,4,4,4,3,4,4,3,4,4,4,4,4,3,4,4,4,4,4,4,0,1
1040,1,1,1.75,.,1.6,2,1.8,.,1,1,1,1,1,1,1,2,3,1,1,1,1,3,2,1,2,2,3,2,1,1,3,2,1,2,1,.,.,.,.,.,.,.,.,.,0,1
1041,2.75,.,3.25,2.75,3,.,2.8,2.2,3,3,3,2,3,2,3,4,3,.,.,.,.,.,.,.,.,.,3,4,3,3,3,1,3,4,3,3,3,3,2,3,2,1,3,2,0,1
1042,2.25,3,3,3.25,3.2,3.2,3.2,3.2,2,2,3,2,3,3,4,3,3,3,3,3,3,3,3,3,3,4,3,3,3,3,4,3,3,3,3,3,4,3,3,4,2,4,3,3,1,0
1043,2,2,.,2,2,2.4,.,2.6,2,2,2,2,2,2,2,2,2,2,2,2,2,2,2,3,2,3,.,.,.,.,.,.,.,.,.,2,2,2,2,3,2,3,2,3,0,1
1044,2.5,.,.,.,2.2,.,.,.,2,2,3,3,3,1,2,3,2,.,.,.,.,.,.,.,.,.,.,.,.,.,.,.,.,.,.,.,.,.,.,.,.,.,.,.,.,.
1045,4,.,3.25,3.25,3.6,.,3.2,3.2,4,4,4,4,4,2,4,4,4,.,.,.,.,.,.,.,.,.,3,3,3,4,3,3,4,3,3,3,3,3,4,2,3,3,4,4,0,1
1046,3.75,3.25,3.5,3.25,2,3.6,2.2,3.6,4,4,4,3,2,1,2,1,4,1,4,4,4,4,4,3,3,4,4,3,3,4,3,2,2,2,2,3,3,3,4,4,3,4,3,4,1,0
1047,2,3,2.5,.,2,1.4,1.6,.,2,2,2,2,3,1,3,2,1,3,4,2,3,2,1,1,2,1,2,2,3,3,1,1,2,2,2,.,.,.,.,.,.,.,.,.,1,0
1048,3,2.75,3,3.25,2.4,3,4,3.6,3,3,3,3,3,3,2,3,1,3,3,3,2,3,3,3,3,3,3,3,3,3,4,4,4,4,4,3,3,3,4,4,3,4,4,3,0,1
1049,1.75,2,2,2,2.6,2.2,2.6,2.8,2,1,2,2,4,2,2,2,3,3,3,1,1,3,2,2,2,2,3,3,1,1,4,2,2,2,3,2,2,2,2,4,3,3,2,2,1,0
1050,2.5,3,.,2.75,2.4,2.4,.,3.2,3,2,3,2,3,1,3,2,3,3,3,3,3,3,1,3,2,3,.,.,.,.,.,.,.,.,.,3,2,3,3,4,3,3,3,3,1,0
1051,4,4,4,3.75,3.8,3.8,4,4,4,4,4,4,4,4,4,3,4,4,4,4,4,4,4,3,4,4,4,4,4,4,4,4,4,4,4,4,4,4,3,4,4,4,4,4,1,0
1052,2.25,2.5,2.75,3.25,3,3,2.6,2.6,3,2,3,1,3,1,4,3,4,3,3,2,2,3,2,4,4,2,3,3,3,2,3,1,3,3,3,3,3,3,4,3,1,3,3,3,0,1
1053,2.25,2.25,3,3,2.4,2.6,2.8,2.8,2,2,2,3,2,2,2,3,3,2,2,2,3,3,1,3,3,3,3,3,3,3,3,1,3,3,4,3,3,3,3,3,2,3,3,3,1,0
1054,2.5,2,2,2.5,2.6,2.4,2.8,3.4,3,3,2,2,4,1,3,2,3,2,2,2,2,3,1,3,3,2,2,2,2,2,3,2,3,3,3,3,2,2,3,3,2,4,4,4,0,1
1055,3.25,2.75,3.5,3,2.8,2.4,2.2,2.4,4,3,3,3,4,1,3,3,3,3,3,3,2,3,2,3,2,2,4,3,3,4,3,2,2,2,2,3,3,3,3,3,2,3,2,2,0,1
1056,3.25,3,3.25,3.25,2.8,2.4,3.4,3.2,3,3,3,4,3,2,3,3,3,3,3,3,3,3,2,2,2,3,3,3,3,4,4,2,4,3,4,3,3,4,3,4,2,4,3,3,1,0
1057,2.75,3,3,3,2.6,3.4,3.2,2.8,3,3,2,3,3,2,3,2,3,3,3,3,3,3,3,4,3,4,3,3,3,3,3,3,4,3,3,3,3,3,3,3,2,3,3,3,1,0
1058,1.75,2.75,2.75,3,2.8,3,3.2,2.8,1,2,2,2,3,2,3,3,3,3,3,3,2,3,2,4,3,3,3,3,3,2,4,2,4,3,3,3,3,3,3,3,2,3,3,3,0,1
1059,3.25,2.75,.,2.25,2.4,2.4,.,2.8,3,3,3,4,3,3,2,2,2,3,3,2,3,3,2,2,2,3,.,.,.,.,.,.,.,.,.,3,2,1,3,3,3,3,3,2,1,0
1060,2,2.25,2.75,2.5,2.4,2.2,2.4,2.2,2,2,2,2,3,1,2,3,3,2,2,3,2,3,1,2,2,3,3,3,3,2,3,1,3,2,3,2,3,3,2,3,1,2,2,3,0,1
1061,3.25,2.5,.,.,2.8,2.4,.,.,4,3,3,3,3,3,2,3,3,3,2,3,2,3,2,2,2,3,.,.,.,.,.,.,.,.,.,.,.,.,.,.,.,.,.,.,1,0
1062,1.25,3,3,2,2.4,2.6,2.4,2.8,2,1,1,1,2,1,3,3,3,2,3,4,3,3,3,3,2,2,3,3,4,2,2,3,2,2,3,2,2,2,2,3,2,3,3,3,0,1
1063,2.5,3,2.75,2.75,3,3,2,2.2,1,2,3,4,4,2,3,3,3,3,2,3,4,4,2,3,4,2,3,2,3,3,3,1,2,2,2,3,1,3,4,4,1,2,2,2,1,0
1064,2.25,2,2,2.25,2.2,2.8,2.6,2.8,2,2,3,2,3,1,2,2,3,.,.,.,2,3,2,2,3,4,2,2,2,2,1,3,4,2,3,2,3,2,2,3,2,3,3,3,1,0
1065,4,4,4,4,3.6,3.4,3.8,3.8,4,4,4,4,4,3,4,3,4,4,4,4,4,3,2,4,4,4,4,4,4,4,4,3,4,4,4,4,4,4,4,4,3,4,4,4,1,0
1066,3.5,1.75,3.25,4,3,2.8,2.8,3.8,4,2,4,4,4,4,4,1,2,2,1,3,1,4,3,1,2,4,3,3,3,4,4,1,2,4,3,4,4,4,4,4,4,4,3,4,1,0
1067,2,.,.,.,2.2,.,.,.,3,2,2,1,3,1,3,2,2,.,.,.,.,.,.,.,.,.,.,.,.,.,.,.,.,.,.,.,.,.,.,.,.,.,.,.,.,.
1068,1,1,1,1,1.6,2.4,1,1.4,1,1,1,1,1,2,1,3,1,1,1,1,1,3,2,4,2,1,1,1,1,1,1,1,1,1,1,1,1,1,1,3,1,1,1,1,0,1
1069,4,3.5,4,3.75,2.8,3.4,3.6,3.8,4,4,4,4,4,1,1,4,4,4,3,3,4,4,1,4,4,4,4,4,4,4,4,2,4,4,4,4,4,3,4,4,3,4,4,4,0,1
1070,2.25,3.25,3.25,.,2.8,2.8,3.8,.,4,2,2,1,3,3,3,2,3,3,3,3,4,3,2,3,2,4,3,3,3,4,4,4,4,3,4,.,.,.,.,.,.,.,.,.,0,1
1071,2,2,2,2,2,2.2,2.2,2,2,2,2,2,3,2,2,1,2,2,2,2,2,3,2,3,1,2,2,2,2,2,3,2,3,1,2,2,2,2,2,3,2,2,1,2,0,1
1072,3.75,.,3.25,.,2.6,.,2.8,.,4,4,3,4,4,2,3,2,2,.,.,.,.,.,.,.,.,.,3,4,3,3,3,2,3,3,3,.,.,.,.,.,.,.,.,.,1,0
1073,1.25,1.25,.,3,3,2.2,.,2.2,1,1,1,2,4,4,2,3,2,1,2,1,1,4,4,1,1,1,.,.,.,.,.,.,.,.,.,3,3,3,3,3,1,2,3,2,0,1
1074,1.75,.,2.5,2,2.2,.,3,2,1,2,2,2,3,2,2,2,2,.,.,.,.,.,.,.,.,.,4,3,2,1,4,2,3,3,3,2,2,2,2,2,2,2,2,2,0,1
1075,2,.,2,1.75,2.75,.,3.6,3.2,2,2,2,2,.,1,4,3,3,.,.,.,.,.,.,.,.,.,2,2,2,2,4,3,4,3,4,2,2,2,1,4,2,3,3,4,1,0
1076,2,2.75,2.75,3,2.8,2.4,2.6,2.8,.,.,.,2,4,3,2,2,3,3,2,3,3,4,2,1,2,3,3,2,3,3,3,3,2,2,3,3,3,3,3,3,2,3,3,3,0,1
1077,3,.,.,.,2.4,.,.,.,4,3,3,2,4,2,2,3,1,.,.,.,.,.,.,.,.,.,.,.,.,.,.,.,.,.,.,.,.,.,.,.,.,.,.,.,.,.
1078,2.75,.,2.5,.,.,.,2,.,4,2,1,4,.,.,.,.,.,.,.,.,.,.,.,.,.,.,4,1,4,1,3,1,4,1,1,.,.,.,.,.,.,.,.,.,1,0
1079,3.75,3,4,3.25,.,2.6,2.8,2,3,4,4,4,.,.,.,.,.,1,4,3,4,3,4,3,1,2,4,4,4,4,4,1,3,4,2,4,4,2,3,3,1,2,1,3,1,0
1080,4,.,4,4,.,.,3.4,3.4,4,4,4,4,.,.,.,.,.,.,.,.,.,.,.,.,.,.,4,4,4,4,4,1,4,4,4,4,4,4,4,4,1,4,4,4,1,0
1081,.,.,.,3.25,.,.,.,3.4,.,.,.,.,.,.,.,.,.,.,.,.,.,.,.,.,.,.,.,.,.,.,.,.,.,.,.,4,4,4,1,4,1,4,4,4,1,0
1082,2.25,2.5,3,2.75,.,3.2,3,2.6,3,2,2,2,.,.,.,.,.,3,2,2,3,3,3,3,4,3,3,3,3,3,3,3,3,3,3,3,3,2,3,3,2,2,3,3,0,1
1083,.,.,.,4,.,.,.,3.4,.,.,.,.,.,.,.,.,.,.,.,.,.,.,.,.,.,.,.,.,.,.,.,.,.,.,.,4,4,4,4,4,1,4,4,4,1,0
1084,3.5,3.5,4,3.75,2.8,3.8,3.8,4,4,4,3,3,4,2,3,2,3,3,3,4,4,3,4,4,4,4,4,4,4,4,4,3,4,4,4,4,4,3,4,4,4,4,4,4,0,1
1085,2,1.75,2,2,2.6,2.8,3,3,2,2,2,2,3,2,3,3,2,2,2,2,1,3,3,3,2,3,2,2,2,2,3,2,4,3,3,2,2,2,2,4,2,3,3,3,0,1
1086,3,2.5,3.25,3,3.6,2.8,3.6,3.8,4,3,2,3,4,3,4,3,4,3,4,1,2,3,3,2,3,3,3,4,3,3,4,3,4,3,4,3,4,3,2,4,4,4,3,4,1,0
1087,2.25,3.5,3.25,2.25,.,2,1.6,2.6,3,3,1,2,.,.,.,.,.,3,4,3,4,4,1,2,2,1,3,4,3,3,3,1,2,1,1,3,2,1,3,4,2,3,2,2,1,0
1088,2.75,3,.,3.25,3,3,.,3.2,3,2,3,3,3,3,3,3,3,3,3,3,3,3,3,3,3,3,.,.,.,.,.,.,.,.,.,4,3,3,3,4,3,3,3,3,1,0
1089,3.5,2.5,3,3,2.8,3.2,2.8,2.8,4,4,3,3,3,2,3,3,3,3,3,2,2,3,2,3,4,4,3,3,3,3,3,2,3,3,3,3,3,3,3,3,2,3,3,3,1,0
1090,3,3,3,3.25,3.4,4,4,4,3,4,2,3,3,3,4,3,4,3,3,3,3,4,4,4,4,4,3,3,3,3,4,4,4,4,4,3,4,3,3,4,4,4,4,4,0,1
1091,2.25,1.75,2.75,2.5,2.6,2.6,2.6,2.6,2,2,2,3,3,3,3,2,2,1,1,4,1,3,2,3,3,2,4,1,3,3,2,3,4,2,2,2,3,3,2,3,2,2,3,3,0,1
1092,3.5,4,3.5,3.5,3.4,3,2.4,2.8,4,3,3,4,3,3,4,4,3,4,4,4,4,3,1,4,3,4,4,2,4,4,3,1,3,3,2,4,3,3,4,3,2,3,3,3,1,0
1093,3,.,3.25,3,3.2,.,4,4,4,3,3,2,2,3,4,4,3,.,.,.,.,.,.,.,.,.,3,3,4,3,4,4,4,4,4,3,3,3,3,4,4,4,4,4,0,1
1094,2.25,2,3,3.25,2.4,2.8,3.8,3.8,4,2,2,1,3,1,2,3,3,2,3,2,1,3,2,3,3,3,4,4,2,2,4,4,4,3,4,4,4,3,2,4,3,4,4,4,0,1
1095,3.25,3.25,3.25,3,3.8,3.8,3,3.4,3,3,3,4,4,3,4,4,4,3,3,3,4,4,3,4,4,4,3,3,3,4,3,3,3,3,3,3,3,3,3,4,3,3,4,3,0,1
1096,3,2.75,3,3.75,2.6,3,3,3,3,3,3,3,3,3,2,2,3,3,3,2,3,3,2,3,3,4,3,3,3,3,4,1,3,3,4,4,4,4,3,4,1,3,3,4,1,0
1097,2.5,3,2.5,2.75,2.8,2.4,2.2,2.4,1,3,3,3,3,2,3,3,3,3,3,3,3,3,3,2,2,2,3,2,2,3,3,2,2,2,2,3,3,2,3,3,2,2,2,3,1,0
1098,2.5,.,.,.,2.4,.,.,.,2,3,3,2,2,2,3,3,2,.,.,.,.,.,.,.,.,.,.,.,.,.,.,.,.,.,.,.,.,.,.,.,.,.,.,.,0,1
1099,1.5,2,.,.,3,2.6,.,.,1,2,1,2,2,3,3,4,3,2,2,2,2,2,3,3,3,2,.,.,.,.,.,.,.,.,.,.,.,.,.,.,.,.,.,.,0,1
1100,1,.,.,.,1.4,.,.,.,1,1,1,1,2,1,2,1,1,.,.,.,.,.,.,.,.,.,.,.,.,.,.,.,.,.,.,.,.,.,.,.,.,.,.,.,.,.
1101,2.5,.,2.75,2.75,2.8,.,2.6,2.6,3,2,3,2,3,2,3,3,3,.,.,.,.,.,.,.,.,.,3,3,3,2,3,2,3,2,3,3,3,3,2,3,2,3,2,3,1,0
1102,2.5,2.5,.,.,2.4,2.4,.,.,2,2,3,3,3,3,2,2,2,3,3,2,2,3,1,3,3,2,.,.,.,.,.,.,.,.,.,.,.,.,.,.,.,.,.,.,0,1
1103,1.5,1.75,1.5,1.75,2,3,2.4,2.6,2,1,1,2,3,1,1,1,4,2,2,2,1,4,3,3,2,3,2,1,2,1,3,2,3,2,2,2,1,1,3,3,2,3,2,3,0,1
1104,4,3.5,4,4,2.6,2.4,2.2,3.2,4,4,4,4,3,1,3,4,2,4,4,3,3,3,1,2,3,3,4,4,4,4,4,1,3,2,1,4,4,4,4,4,1,3,4,4,1,0
1105,3.75,2.75,2,.,2.4,3.4,2.6,.,4,4,4,3,3,1,3,1,4,4,2,3,2,3,3,4,3,4,2,1,2,3,3,4,2,1,3,.,.,.,.,.,.,.,.,.,1,0
1106,4,4,4,4,3.8,3.6,4,4,4,4,4,4,4,3,4,4,4,4,4,4,4,4,3,4,3,4,4,4,4,4,4,4,4,4,4,4,4,4,4,4,4,4,4,4,1,0
1107,2.25,2.25,2.25,.,2.8,3,2.8,.,3,2,2,2,3,2,3,3,3,3,3,2,1,3,2,3,3,4,2,2,3,2,3,2,3,3,3,.,.,.,.,.,.,.,.,.,1,0
1108,2.75,3.25,3.5,3.5,3.4,3.6,4,3.8,3,3,3,2,4,1,4,4,4,3,4,3,3,4,3,4,3,4,4,4,3,3,4,4,4,4,4,4,4,3,3,4,3,4,4,4,1,0
1109,3,3,2.75,3.25,2.2,2.2,2.6,2.6,3,3,3,3,3,2,2,1,3,3,3,3,3,3,2,2,2,2,3,3,2,3,3,2,2,3,3,3,3,3,4,3,2,4,2,2,1,0
1110,3,3,3.75,3.25,1.8,2.2,3,2.4,4,3,2,3,4,2,1,1,1,1,3,4,4,1,2,3,3,2,4,4,4,3,3,2,4,2,4,3,4,4,2,3,2,1,2,4,1,0
1111,1.75,.,2,2,2.6,2.2,2.2,3.2,2,2,2,1,3,2,2,3,3,.,.,.,.,2,2,3,2,2,2,2,2,2,3,2,2,2,2,2,2,2,2,3,3,3,4,3,0,1
1112,3.75,3.25,3.25,3.25,2.8,3,3,3,4,4,3,4,4,1,3,3,3,3,3,3,4,4,2,3,3,3,3,3,3,4,4,2,3,3,3,3,3,3,4,4,3,3,3,2,0,1
1113,1.75,1.75,2,1.75,2.8,2.8,2.4,2.6,2,1,2,2,3,2,3,3,3,2,2,2,1,3,2,3,3,3,2,2,2,2,3,2,3,2,2,2,2,2,1,3,2,3,3,2,0,1
1114,3,3.25,4,3.5,4,3.8,3.4,4,3,3,3,3,4,4,4,4,4,3,3,3,4,4,3,4,4,4,4,4,4,4,4,3,3,3,4,3,4,3,4,4,4,4,4,4,1,0
1115,1.5,2,2,2.25,2.6,3,2.6,2.6,2,2,1,1,3,1,3,3,3,2,3,2,1,3,3,3,3,3,2,2,2,2,3,1,3,3,3,2,3,2,2,3,1,3,3,3,0,1
1116,3,2.25,2.75,3,3,2.4,2.8,2.4,3,3,3,3,4,2,4,4,1,2,2,3,2,2,2,3,2,3,3,3,3,2,3,3,2,3,3,3,3,2,4,3,3,2,2,2,1,0
1118,2,3,3.5,3.25,3.4,3.2,3,2.8,1,2,2,3,4,2,4,3,4,4,2,3,3,4,1,4,3,4,4,3,3,4,4,1,4,2,4,3,3,3,4,3,2,4,2,3,1,0
1119,1.25,1.25,1.5,1.75,2.6,2.4,3,2.8,1,1,1,2,3,1,3,3,3,2,1,1,1,3,1,3,2,3,2,1,2,1,4,1,4,3,3,2,1,2,2,3,1,3,4,3,0,1
1120,4,4,.,.,3.6,3.6,.,.,4,4,4,4,4,2,4,4,4,4,4,4,4,4,2,4,4,4,.,.,.,.,.,.,.,.,.,.,.,.,.,.,.,.,.,.,1,0
1121,1.75,2,2,2,2.2,2.8,2.4,2,1,2,2,2,2,2,2,3,2,2,2,2,2,3,2,4,2,3,2,2,2,2,2,2,3,3,2,2,2,2,2,2,2,2,2,2,0,1
1122,3.75,.,.,2.5,2.2,.,.,2.6,4,4,4,3,4,1,1,1,4,.,.,.,.,.,.,.,.,.,.,.,.,.,.,.,.,.,.,3,1,3,3,4,2,2,3,2,1,0
1123,3.5,2.75,.,2.5,2.4,2.2,.,2.6,4,2,4,4,3,2,2,2,3,3,3,2,3,4,1,2,2,2,.,.,.,.,.,.,.,.,.,2,3,2,3,3,2,3,3,2,1,0
1124,3.5,3,3,3.25,3.8,4,3.8,3.8,4,3,3,4,4,4,4,3,4,3,3,3,3,4,4,4,4,4,3,3,3,3,4,4,4,3,4,3,3,3,4,4,4,4,3,4,0,1
1125,2,3,2.5,2.5,2.2,2.2,2.8,2.2,1,1,2,4,3,1,2,3,2,3,3,3,3,2,1,3,4,1,3,2,3,2,4,1,2,4,3,3,2,2,3,1,1,3,4,2,0,1
1126,2.25,3.5,2,.,2.4,3.2,2.6,.,2,2,2,3,2,2,3,2,3,4,4,4,2,4,2,4,2,4,2,2,2,2,2,2,3,4,2,.,.,.,.,.,.,.,.,.,0,1
1127,3,2.75,2.75,3,3,2.8,2.8,2.6,3,3,3,3,4,3,2,3,3,3,3,2,3,4,3,2,2,3,3,3,2,3,3,2,3,3,3,3,3,3,3,4,2,2,2,3,1,0
1128,3.25,3.5,3.25,3.25,3.4,3.8,4,3.8,3,3,3,4,4,3,4,3,3,4,3,3,4,4,3,4,4,4,3,4,3,3,4,4,4,4,4,4,3,3,3,4,3,4,4,4,0,1
1129,3.5,3.25,3.25,3,2.6,2.2,3,3.2,4,4,3,3,4,1,3,3,2,4,3,3,3,3,1,3,2,2,3,3,4,3,3,3,3,3,3,3,3,3,3,4,3,3,3,3,1,0
1130,3,3.25,3,3.25,2.6,3,3,3.6,4,4,3,1,4,2,2,2,3,3,3,3,4,3,2,4,2,4,3,3,3,3,4,3,3,2,3,3,3,3,4,4,3,4,3,4,1,0
1131,3,2.75,2.25,2,3.4,3,3.2,3.2,3,3,3,3,4,3,4,3,3,3,2,3,3,4,3,2,3,3,2,2,2,3,4,3,3,3,3,2,2,2,2,4,3,3,3,3,0,1
1132,3,3.25,2.75,3.75,2.8,2.6,2.4,2.4,3,4,2,3,4,1,2,4,3,3,4,3,3,4,1,2,3,3,3,1,3,4,4,1,2,2,3,3,4,4,4,4,1,2,2,3,0,1
1133,3.5,3.5,3.75,4,3,3,3.2,2.6,4,3,3,4,3,2,4,3,3,4,3,3,4,4,2,3,3,3,4,3,4,4,4,3,3,3,3,4,4,4,4,4,2,1,3,3,1,0
1134,2.75,3,3,.,3.6,3.2,3.8,.,3,3,3,2,4,4,4,2,4,3,3,3,3,3,4,3,2,4,3,3,3,3,4,4,4,3,4,.,.,.,.,.,.,.,.,.,1,0
1135,3,3,3,3.75,.,2.4,2,2.4,2,3,3,4,.,.,.,.,.,3,3,3,3,2,2,3,2,3,3,3,2,4,3,1,1,2,3,4,3,4,4,2,2,3,3,2,1,0
1136,2.25,3.25,3.25,.,3.2,3,3,.,1,2,2,4,3,3,3,3,4,3,3,3,4,3,3,4,3,2,3,3,3,4,3,3,3,3,3,.,.,.,.,.,.,.,.,.,0,1
1137,2.75,3.25,3,3,3.4,3.6,3.2,3.2,3,3,2,3,4,3,3,3,4,3,3,3,4,4,3,4,3,4,3,3,3,3,3,3,4,3,3,3,3,3,3,4,3,3,3,3,0,1
1138,2.75,2.5,3,3,2.4,2.4,2.6,2.6,3,4,2,2,3,1,3,3,2,3,3,2,2,3,1,3,3,2,3,3,3,3,3,2,3,3,2,3,3,3,3,3,2,3,2,3,1,0
1139,3.25,3.25,4,3.5,2.8,2.8,3,2.8,4,2,3,4,4,2,3,1,4,3,3,3,4,4,2,3,2,3,4,4,4,4,4,3,4,1,3,4,3,3,4,4,3,3,1,3,0,1
1140,2,3,3,3,2.6,3.2,2.8,2.8,.,.,.,2,4,1,2,4,2,3,3,3,3,4,2,4,3,3,3,3,3,3,4,3,2,2,3,3,3,3,3,3,2,3,3,3,1,0
1141,3.25,3.5,3.5,.,2.6,3.2,3.2,.,3,4,3,3,4,3,2,1,3,3,3,4,4,3,3,3,4,3,4,3,3,4,4,3,3,2,4,.,.,.,.,.,.,.,.,.,1,0
1142,3.75,.,4,4,4,.,4,4,4,4,3,4,4,4,4,4,4,.,.,.,.,.,.,.,.,.,4,4,4,4,4,4,4,4,4,4,4,4,4,4,4,4,4,4,1,0
1143,2.5,2.5,3,2.75,3.6,3,3.8,3.2,3,2,2,3,4,3,4,3,4,3,2,2,3,4,3,1,3,4,3,3,3,3,4,4,4,3,4,3,3,2,3,4,4,1,3,4,0,1
1144,3,3.25,3.25,3,3.8,3.8,3.8,3.8,3,3,3,3,4,3,4,4,4,3,3,3,4,4,3,4,4,4,3,3,3,4,4,3,4,4,4,3,3,3,3,4,3,4,4,4,1,0
1145,3.5,3.25,3.5,4,3.2,2.8,3.4,3.4,3,4,4,3,4,1,4,3,4,3,3,4,3,3,2,3,3,3,4,3,3,4,4,3,4,3,3,4,4,4,4,4,1,4,4,4,1,0
1146,2.25,3,3,2.5,3,2.8,2.8,3,3,2,2,2,3,3,3,3,3,3,3,3,3,3,2,3,3,3,3,3,3,3,3,2,3,3,3,3,3,2,2,4,2,3,3,3,1,0
1147,2.75,2.75,2.75,3,2.8,3.6,2.6,3.2,3,3,2,3,3,2,3,3,3,3,3,2,3,4,3,3,4,4,3,3,2,3,3,2,3,2,3,3,3,3,3,4,3,3,3,3,0,1
1148,4,3.75,4,3.25,3.4,3.4,3,3,4,4,4,4,4,1,4,4,4,3,4,4,4,3,2,4,4,4,4,4,4,4,4,2,1,4,4,3,4,2,4,4,3,2,4,2,1,0
1149,2.25,2.75,2.75,2.75,2.8,2,2.6,2.8,3,2,2,2,3,1,4,3,3,3,3,3,2,3,1,2,2,2,3,3,2,3,4,1,3,2,3,3,3,2,3,4,1,4,1,4,0,1
1150,3.25,3.75,3.75,4,3.2,4,4,4,3,3,3,4,3,4,3,3,3,4,4,4,3,4,4,4,4,4,4,4,3,4,4,4,4,4,4,4,4,4,4,4,4,4,4,4,1,0
1151,2,3,3,3,3,3.2,3.2,3,2,2,2,2,3,2,3,3,4,3,3,3,3,3,3,3,3,4,3,3,3,3,4,3,3,3,3,3,3,3,3,3,3,3,3,3,1,0
1152,2,2.5,3,.,2.8,3.6,2.4,.,2,2,2,2,3,2,3,3,3,3,3,2,2,3,3,4,4,4,3,3,3,3,2,2,2,3,3,.,.,.,.,.,.,.,.,.,1,0
1153,2,2.25,2,2.25,2.8,2.8,2.6,3,.,.,.,2,3,2,3,3,3,2,2,3,2,3,2,3,3,3,2,3,2,1,3,2,2,3,3,2,2,3,2,3,3,3,3,3,1,0
1154,4,4,3.75,3,2.4,2.8,2.4,2.4,4,4,4,4,3,1,2,2,4,4,4,4,4,4,1,3,2,4,3,4,4,4,3,1,3,2,3,3,3,3,3,3,1,3,2,3,1,0
1155,2.25,.,2.25,2.25,2.2,.,2.4,2.6,2,2,3,2,3,1,2,2,3,.,.,.,.,.,.,.,.,.,2,2,3,2,3,2,2,3,2,2,2,3,2,2,2,3,3,3,0,1
1156,2.75,3,3,3.25,4,3.8,4,3.8,2,3,2,4,4,4,4,4,4,3,3,3,3,4,3,4,4,4,3,3,3,3,4,4,4,4,4,4,3,3,3,4,3,4,4,4,0,1
1157,2.75,3,3,3,3.2,3.2,3.2,3,4,3,2,2,3,3,4,3,3,3,3,3,3,3,2,4,3,4,3,3,3,3,3,2,3,4,4,3,3,3,3,3,3,3,3,3,0,1
1158,3,3.25,3.25,3.25,3.6,3.8,4,3.6,3,2,3,4,4,3,4,3,4,3,3,3,4,4,3,4,4,4,3,3,3,4,4,4,4,4,4,3,3,3,4,4,3,4,3,4,0,1
1159,3,3.25,3,2.75,2.8,3.2,3,2.8,3,4,2,3,3,3,2,2,4,4,3,3,3,3,3,4,2,4,3,3,3,3,4,1,4,3,3,3,3,3,2,3,3,3,2,3,1,0
1160,2.25,2.5,2.5,2.5,2.4,2.2,2.4,2.4,3,2,2,2,3,1,3,2,3,2,3,3,2,2,2,2,2,3,2,3,3,2,4,2,2,2,2,3,3,2,2,3,2,2,2,3,0,1
1161,.,.,.,.,.,.,.,.,.,.,.,.,.,.,.,.,.,.,.,.,.,.,.,.,.,.,.,.,.,.,.,.,.,.,.,.,.,.,.,.,.,.,.,.,0,1
1162,.,.,.,2,.,.,.,2.6,.,.,.,.,.,.,.,.,.,.,.,.,.,.,.,.,.,.,.,.,.,.,.,.,.,.,.,2,2,2,2,3,1,3,3,3,0,1
1163,.,.,.,.,.,.,.,.,.,.,.,.,.,.,.,.,.,.,.,.,.,.,.,.,.,.,.,.,.,.,.,.,.,.,.,.,.,.,.,.,.,.,.,.,0,1
1164,2.5,2.75,.,2.25,2.2,3.2,.,2.8,3,2,3,2,3,2,2,2,2,3,3,3,2,4,4,4,1,3,.,.,.,.,.,.,.,.,.,3,1,3,2,3,2,3,2,4,0,1
1165,3.75,.,.,.,3.4,.,.,.,3,4,4,4,4,2,4,4,3,.,.,.,.,.,.,.,.,.,.,.,.,.,.,.,.,.,.,.,.,.,.,.,.,.,.,.,1,0
1166,1.75,1.75,2.75,2.5,2.6,2.2,2.2,2.4,2,2,1,2,3,2,3,2,3,2,1,2,2,3,2,2,2,2,3,3,3,2,3,2,2,2,2,2,3,3,2,3,1,3,2,3,0,1
1167,3,3,.,3,3.4,3.2,.,3.4,3,4,3,2,4,1,4,4,4,3,3,3,3,4,3,4,2,3,.,.,.,.,.,.,.,.,.,3,3,3,3,4,3,4,3,3,0,1
1168,3,3,3,2.75,2.6,2.2,2.6,2.6,3,3,2,4,3,2,3,2,3,3,3,3,3,2,2,2,2,3,3,3,3,3,3,2,3,3,2,3,3,2,3,3,2,3,2,3,1,0
1169,3.25,3.25,3.25,3,2.4,3,3.2,3.2,3,3,3,4,4,1,2,2,3,3,3,3,4,3,3,3,3,3,3,3,3,4,4,2,4,3,3,3,3,2,4,4,2,3,3,4,0,1
1170,1,2,.,1,2,2.6,.,2.2,1,1,1,1,3,2,2,1,2,2,2,2,2,3,2,3,2,3,.,.,.,.,.,.,.,.,.,1,1,1,1,3,2,3,1,2,0,1
1171,3,3.5,2.75,3.25,3.4,2.8,3.4,2.4,3,3,3,3,4,1,4,4,4,4,4,4,2,4,2,3,2,3,3,3,3,2,4,3,4,3,3,3,3,4,3,4,2,1,2,3,0,1
1172,2,.,.,.,2.6,.,.,.,1,1,4,2,4,2,2,2,3,.,.,.,.,.,.,.,.,.,.,.,.,.,.,.,.,.,.,.,.,.,.,.,.,.,.,.,.,.
1173,2.75,.,.,.,1.8,.,.,.,3,2,2,4,3,3,1,1,1,.,.,.,.,.,.,.,.,.,.,.,.,.,.,.,.,.,.,.,.,.,.,.,.,.,.,.,.,.
1174,3.5,3.25,3,3,2.6,3,3,3,3,4,3,4,4,2,2,2,3,3,3,3,4,3,3,3,3,3,3,3,3,3,4,2,3,3,3,3,3,3,3,3,3,3,3,3,1,0
1175,3.25,.,4,.,.,.,3.6,.,4,4,4,1,.,.,.,.,.,.,.,.,.,.,.,.,.,.,4,4,4,4,4,3,4,3,4,.,.,.,.,.,.,.,.,.,1,0
1176,3.75,3.75,3.75,3.5,3.2,2.8,3.4,3.6,4,4,3,4,4,2,4,2,4,4,4,3,4,1,4,4,4,1,4,4,3,4,4,3,4,3,3,4,4,3,3,4,3,3,4,4,1,0
1177,4,3,4,4,2.4,2,4,3,4,4,4,4,3,1,3,3,2,4,2,4,2,2,1,2,3,2,4,4,4,4,4,4,4,4,4,4,4,4,4,4,1,4,2,4,1,0
1178,3.75,.,3.5,2.5,3.2,.,2.8,3,4,4,3,4,4,2,3,3,4,.,.,.,.,.,.,.,.,.,3,3,4,4,4,2,3,2,3,3,3,3,1,4,3,3,2,3,1,0
1179,3.25,3.25,3.75,4,2.8,2.8,2.8,3.4,3,3,3,4,3,2,3,3,3,3,3,3,4,3,2,3,3,3,3,4,4,4,3,2,3,3,3,4,4,4,4,4,2,4,4,3,1,0
1180,3.75,3.25,4,.,2.4,3,3.2,.,4,3,4,4,4,2,2,2,2,3,3,4,3,2,4,3,3,3,4,4,4,4,3,1,4,4,4,.,.,.,.,.,.,.,.,.,1,0
1181,1.75,1.75,1.75,1.5,3.6,3.6,3.8,4,2,1,2,2,3,3,4,4,4,2,1,2,2,2,4,4,4,4,2,1,2,2,3,4,4,4,4,2,1,2,1,4,4,4,4,4,0,1
1182,2,2.5,1.5,1.5,2.4,1.8,2.4,2.2,1,1,3,3,2,3,3,2,2,2,1,4,3,1,3,3,1,1,1,1,2,2,3,2,3,2,2,1,1,3,1,3,1,3,2,2,1,0
1183,3.25,3,2.5,4,2.6,3,3.2,3.8,3,4,3,3,3,1,4,4,1,3,3,3,3,2,2,4,3,4,3,3,3,1,3,2,4,3,4,4,4,4,4,4,4,4,3,4,1,0
1184,2.5,2.75,3,2.75,2.6,2.2,2.2,2.6,2,3,3,2,3,2,3,2,3,3,3,3,2,3,2,2,2,2,3,3,3,3,3,1,2,2,3,3,3,2,3,3,2,3,2,3,1,0
1185,2.75,3.5,2.5,3,2.6,3.8,3.4,2.6,4,3,2,2,2,1,3,4,3,3,3,4,4,3,4,4,4,4,3,1,3,3,3,3,4,3,4,3,3,3,3,1,3,3,3,3,1,0
1186,4,4,4,4,3.8,3.6,3.4,3.4,4,4,4,4,4,3,4,4,4,4,4,4,4,4,3,4,3,4,4,4,4,4,4,1,4,4,4,4,4,4,4,4,1,4,4,4,1,0
1187,1.5,1.25,1,1.75,2,1.8,2,2,1,2,2,1,3,1,2,2,2,1,2,1,1,2,1,2,2,2,1,1,1,1,3,1,2,2,2,2,2,2,1,3,1,2,2,2,0,1
1188,2.25,2.25,2.25,2.25,3,3,3,2.8,3,2,2,2,4,2,3,3,3,2,3,2,2,4,2,3,2,4,2,3,2,2,4,2,3,3,3,2,2,2,3,3,2,3,3,3,1,0
1189,2.75,2.25,1.25,2,3.8,3.8,4,4,3,3,2,3,4,3,4,4,4,2,3,2,2,3,4,4,4,4,2,1,1,1,4,4,4,4,4,2,2,2,2,4,4,4,4,4,0,1
1190,2.75,1.25,2.25,2,3,1.8,2.2,1.6,2,3,3,3,3,1,4,4,3,1,1,1,2,1,1,2,4,1,2,2,2,3,2,1,3,3,2,2,2,2,2,1,1,2,2,2,0,1
1191,3.5,3.25,4,4,3.2,2,3.2,2.8,4,3,3,4,3,4,2,3,4,2,3,4,4,1,2,2,1,4,4,4,4,4,4,1,3,4,4,4,4,4,4,4,1,1,4,4,1,0
1192,3.25,2.75,2.5,3,2.8,2.8,2.4,2.4,4,4,1,4,4,1,4,4,1,2,2,3,4,1,4,4,1,4,1,2,4,3,4,1,1,2,4,3,4,1,4,4,1,2,3,2,1,0
1193,4,.,.,4,2.2,.,.,4,4,4,4,4,4,1,1,1,4,.,.,.,.,.,.,.,.,.,.,.,.,.,.,.,.,.,.,4,4,4,4,4,4,4,4,4,1,0
1194,2.5,2.5,2,2.25,2.6,2.8,2.6,2.8,3,3,2,2,3,2,3,2,3,3,3,2,2,3,2,3,3,3,2,2,2,2,3,2,3,2,3,3,2,2,2,4,2,3,2,3,0,1
1195,2.75,3.25,3.25,3,2.8,2.6,3.4,2.8,3,3,2,3,3,3,3,3,2,3,3,3,4,2,2,3,3,3,3,3,3,4,3,3,4,3,4,3,3,3,3,2,3,3,3,3,1,0
1196,4,4,4,4,3.8,3.2,3.4,4,4,4,4,4,3,4,4,4,4,4,4,4,4,4,2,4,3,3,4,4,4,4,4,1,4,4,4,4,4,4,4,4,4,4,4,4,1,0
1197,3.75,4,3.75,.,3.2,4,3.8,.,4,4,4,3,4,2,3,3,4,4,4,4,4,4,4,4,4,4,4,4,3,4,4,3,4,4,4,.,.,.,.,.,.,.,.,.,1,0
1198,2.5,.,.,.,2.2,.,.,.,2,3,1,4,1,4,1,4,1,.,.,.,.,.,.,.,.,.,.,.,.,.,.,.,.,.,.,.,.,.,.,.,.,.,.,.,1,0
1199,3.75,3.25,3.75,3.75,3.8,3.6,3.6,3.6,4,4,3,4,4,3,4,4,4,3,3,3,4,3,3,4,4,4,4,4,3,4,3,3,4,4,4,4,4,3,4,3,3,4,4,4,1,0
1200,3,3.5,3.5,3.75,3.8,3.8,4,4,4,3,2,3,4,3,4,4,4,4,4,3,3,4,3,4,4,4,4,4,3,3,4,4,4,4,4,4,4,4,3,4,4,4,4,4,0,1
1201,3.75,3,3,4,3.6,3.2,3.6,4,4,4,3,4,4,2,4,4,4,3,3,3,3,3,3,3,3,4,3,3,3,3,4,3,3,4,4,4,4,4,4,4,4,4,4,4,1,0
1202,2.75,2.75,2.75,3,3.2,3.8,3.6,4,3,3,3,2,3,3,3,3,4,2,3,3,3,3,4,4,4,4,3,2,3,3,4,4,3,3,4,3,3,3,3,4,4,4,4,4,0,1
1203,4,4,4,4,4,4,4,4,4,4,4,4,4,4,4,4,4,4,4,4,4,4,4,4,4,4,4,4,4,4,4,4,4,4,4,4,4,4,4,4,4,4,4,4,1,0
1204,2.25,.,3.75,.,2.8,.,3.4,.,3,2,2,2,4,1,3,3,3,.,.,.,.,.,.,.,.,.,4,3,4,4,3,4,4,2,4,.,.,.,.,.,.,.,.,.,1,0
1205,2.75,2.75,3,3,3,3.4,3,3.2,3,3,3,2,4,3,2,3,3,3,3,2,3,3,3,3,4,4,3,3,3,3,3,3,3,3,3,3,3,3,3,4,3,3,3,3,0,1
1206,2.25,.,.,.,2.2,.,.,.,3,2,2,2,2,1,2,3,3,.,.,.,.,.,.,.,.,.,.,.,.,.,.,.,.,.,.,.,.,.,.,.,.,.,.,.,.,.
1207,3,3,3,3,3.6,2.6,2.8,2.8,3,3,3,3,3,4,4,4,3,3,3,3,3,3,2,3,2,3,3,3,3,3,3,2,3,3,3,3,3,3,3,3,2,3,3,3,1,0
1208,2,2,2.75,2.25,2.8,2.6,2.6,2.4,3,2,2,1,3,2,3,3,3,2,3,2,1,3,2,3,1,4,2,3,2,4,3,1,4,2,3,2,3,2,2,2,2,3,2,3,0,1
1209,1.5,2.25,2.25,2.25,2.6,2.4,3.2,2.4,1,2,2,1,2,1,4,3,3,2,2,2,3,1,2,3,3,3,2,1,3,3,3,2,4,3,4,2,2,3,2,1,2,3,3,3,0,1
1210,3.5,3,3,3.25,3.4,3.8,3,3.4,4,4,3,3,4,3,3,3,4,3,3,3,3,4,3,4,4,4,3,3,3,3,4,3,3,3,2,4,3,3,3,4,3,4,3,3,1,0
1211,4,3.75,3.75,3.75,3.4,3,3.6,3.6,4,4,4,4,4,2,4,3,4,4,4,3,4,3,2,4,3,3,4,4,3,4,3,3,4,4,4,4,4,3,4,4,3,4,3,4,1,0
1212,1,1.25,1.25,1,1,1.6,1,1.6,1,1,1,1,1,1,1,1,1,1,2,1,1,1,1,1,4,1,1,2,1,1,1,1,1,1,1,1,1,1,1,1,1,1,4,1,0,1
1213,2.5,2.5,3,4,2.6,2.6,2.8,3.4,3,2,3,2,2,2,3,3,3,2,3,3,2,3,2,3,2,3,3,3,3,3,3,2,3,3,3,4,4,4,4,4,1,4,4,4,1,0
1214,4,.,4,4,3.2,.,3.4,3.4,4,4,4,4,4,1,4,3,4,.,.,.,.,.,.,.,.,.,4,4,4,4,4,3,4,2,4,4,4,4,4,4,3,4,3,3,1,0
1215,3,3.25,3,3.5,3.2,3.6,3,3.2,3,3,3,3,4,3,4,2,3,3,4,3,3,4,3,4,3,4,3,3,3,3,4,3,4,2,2,3,4,4,3,3,3,4,3,3,1,0
1216,3.25,4,4,.,3.6,3.6,3.6,.,1,4,4,4,4,3,4,3,4,4,4,4,4,4,3,4,3,4,4,4,4,4,4,3,3,4,4,.,.,.,.,.,.,.,.,.,1,0
1217,4,3.25,3.5,3.25,3.4,3.6,3.4,3,4,4,4,4,4,2,4,3,4,3,3,3,4,4,4,4,3,3,3,3,4,4,4,3,4,4,2,3,3,3,4,3,3,3,3,3,1,0
1218,2,2.75,2.25,.,2.6,3,3,.,1,4,1,2,3,2,4,2,2,3,3,3,2,4,2,3,3,3,2,3,2,2,4,2,3,3,3,.,.,.,.,.,.,.,.,.,0,1
1219,2.75,3.25,3.25,.,3,3,3.8,.,4,3,3,1,4,2,3,3,3,3,3,3,4,4,2,3,3,3,3,3,4,3,4,3,4,4,4,.,.,.,.,.,.,.,.,.,1,0
1220,3,3,3.25,3.5,3,3.4,3.2,3.4,3,3,3,3,3,3,3,3,3,3,3,3,3,4,2,3,4,4,3,3,3,4,4,3,3,3,3,4,3,3,4,4,3,3,4,3,1,0
1221,2.5,2.75,3,3,2.8,2.8,2.8,2.8,3,3,2,2,3,2,3,3,3,3,2,3,3,3,3,3,3,2,3,3,3,3,3,3,2,3,3,3,3,3,3,3,2,3,3,3,0,1
1222,1.75,2,2,1.75,2,2.8,2.6,2.6,2,1,2,2,3,1,2,2,2,2,2,2,2,3,3,3,2,3,2,2,2,2,3,2,3,2,3,2,1,2,2,3,2,3,2,3,0,1
1223,3.25,3.75,3.5,3.25,2.6,2.4,2.6,2.4,3,3,3,4,3,1,4,3,2,4,4,3,4,3,2,2,2,3,4,3,3,4,3,2,2,3,3,3,3,3,4,3,2,2,2,3,1,0
1224,2.75,2.75,3.25,3.25,3.2,2.6,3.2,3.2,3,3,3,2,4,2,3,3,4,3,2,3,3,4,2,1,3,3,4,3,3,3,4,3,3,3,3,3,4,3,3,4,3,3,3,3,1,0
1225,3,3.75,3,4,2.8,3.6,3.4,4,3,3,3,3,3,2,3,3,3,4,3,4,4,4,3,3,4,4,3,3,3,3,4,3,4,3,3,4,4,4,4,4,4,4,4,4,1,0
1226,2.25,2.25,2.75,3,3.6,2.8,3.4,3.4,2,2,2,3,4,2,4,4,4,3,2,2,2,4,1,3,3,3,3,3,2,3,4,2,4,3,4,3,3,3,3,4,2,4,3,4,0,1
1227,2,.,2.25,2,2.2,.,2,2,2,3,2,1,3,1,3,2,2,.,.,.,.,.,.,.,.,.,2,2,3,2,2,1,3,2,2,2,2,2,2,3,1,2,2,2,0,1
1228,3,3,3,.,3.4,3.4,3.4,.,3,3,3,3,4,1,4,4,4,3,3,3,3,3,2,4,4,4,3,3,3,3,4,3,3,3,4,.,.,.,.,.,.,.,.,.,1,0
1229,3,3,2.75,3,2.6,2.8,2,2.6,3,3,3,3,3,1,3,3,3,3,3,3,3,3,1,4,3,3,2,4,3,2,2,1,2,3,2,3,3,3,3,3,1,3,3,3,0,1
1230,2.75,2.75,3.5,3.5,3.2,2.8,3,2.8,3,3,2,3,4,3,3,3,3,3,2,3,3,4,3,2,2,3,3,3,4,4,4,2,3,3,3,4,3,3,4,4,2,2,3,3,0,1
1231,2,2,1.75,2,2.8,2.6,2.4,2.2,2,2,2,2,4,1,3,3,3,2,2,2,2,2,2,3,3,3,2,2,2,1,2,1,3,3,3,2,2,2,2,2,2,3,2,2,0,1
1232,2.75,.,4,3,2.8,.,2.8,2.8,3,3,3,2,3,2,4,2,3,.,.,.,.,.,.,.,.,.,4,4,4,4,4,1,3,2,4,3,3,2,4,3,2,4,2,3,1,0
1233,2.75,3.25,3.5,3.5,3.4,3.2,3.6,3.2,3,3,2,3,4,2,4,3,4,3,3,3,4,3,2,4,3,4,4,3,3,4,4,3,4,3,4,3,4,3,4,4,3,3,3,3,1,0
1234,2,2,2,2,2.8,2.6,3,2.4,2,2,2,2,3,2,3,3,3,2,2,2,2,3,2,3,3,2,2,2,2,2,3,2,3,4,3,2,2,2,2,3,1,2,3,3,0,1
1235,.,2.5,.,2.75,.,2,.,3.2,.,.,.,.,.,.,.,.,.,4,1,3,2,1,4,1,1,3,.,.,.,.,.,.,.,.,.,4,4,1,2,4,3,1,4,4,0,1
1236,.,4,2.5,2.75,.,3,3,2.8,.,.,.,.,.,.,.,.,.,4,4,4,4,4,2,3,3,3,3,3,2,2,3,4,3,3,2,3,3,2,3,3,2,3,3,3,1,0
1237,.,3,3,3,.,3.2,3,2.4,.,.,.,.,.,.,.,.,.,3,3,3,3,3,3,4,3,3,3,3,3,3,3,3,3,3,3,4,2,4,2,4,2,1,1,4,1,0
1238,.,3.5,.,.,.,2.4,.,.,.,.,.,.,.,.,.,.,.,3,4,3,4,1,3,4,3,1,.,.,.,.,.,.,.,.,.,.,.,.,.,.,.,.,.,.,1,0
1239,.,4,.,.,.,2.8,.,.,.,.,.,.,.,.,.,.,.,4,4,4,4,2,2,3,4,3,.,.,.,.,.,.,.,.,.,.,.,.,.,.,.,.,.,.,1,0
1240,.,2.75,3.25,3.5,.,3.2,3,3,.,.,.,.,.,.,.,.,.,3,2,3,3,3,3,4,3,3,3,3,3,4,3,3,3,3,3,3,3,4,4,3,3,3,3,3,0,1
1241,.,2.75,3.25,4,.,3.4,3.6,3.6,.,.,.,.,.,.,.,.,.,3,3,3,2,3,3,3,4,4,4,3,3,3,3,3,4,4,4,4,4,4,4,3,3,4,4,4,1,0
1242,.,2.25,.,3,.,2.8,.,2.2,.,.,.,.,.,.,.,.,.,3,2,2,2,4,2,3,2,3,.,.,.,.,.,.,.,.,.,3,3,3,3,3,1,2,3,2,0,1
1243,.,4,.,.,.,4,.,.,.,.,.,.,.,.,.,.,.,4,4,4,4,4,4,4,4,4,.,.,.,.,.,.,.,.,.,.,.,.,.,.,.,.,.,.,1,0
1244,.,2,1.75,2,.,3,3.2,3.2,.,.,.,.,.,.,.,.,.,2,2,2,2,2,3,3,3,4,2,2,2,1,3,2,4,3,4,2,2,2,2,3,3,3,4,3,0,1
1245,.,.,1.25,.,.,.,1.6,.,.,.,.,.,.,.,.,.,.,.,.,.,.,.,.,.,.,.,2,1,1,1,1,2,3,1,1,.,.,.,.,.,.,.,.,.,0,1
1246,.,.,3.25,.,.,.,3.4,.,.,.,.,.,.,.,.,.,.,.,.,.,.,.,.,.,.,.,4,4,4,1,4,1,4,4,4,.,.,.,.,.,.,.,.,.,1,0
1247,.,.,2.25,3.25,.,.,2.6,3,.,.,.,.,.,.,.,.,.,.,.,.,.,.,.,.,.,.,2,1,3,3,4,2,3,2,2,4,2,4,3,3,2,4,3,3,1,0
1248,.,.,2,.,.,.,2.4,.,.,.,.,.,.,.,.,.,.,.,.,.,.,.,.,.,.,.,2,2,2,2,2,1,4,3,2,.,.,.,.,.,.,.,.,.,0,1
1249,.,.,2,2.75,.,.,2.6,2.2,.,.,.,.,.,.,.,.,.,.,.,.,.,.,.,.,.,.,2,2,2,2,2,2,3,3,3,3,2,2,4,4,3,1,2,1,1,0
1250,.,.,3,.,.,.,3,.,.,.,.,.,.,.,.,.,.,.,.,.,.,.,.,.,.,.,2,2,4,4,4,4,3,1,3,.,.,.,.,.,.,.,.,.,0,1
1251,.,.,2.75,2.75,.,.,2.6,2,.,.,.,.,.,.,.,.,.,.,.,.,.,.,.,.,.,.,2,3,3,3,3,1,3,4,2,3,3,3,2,3,1,3,2,1,1,0
1252,.,.,2.25,2,.,.,2.4,2.4,.,.,.,.,.,.,.,.,.,.,.,.,.,.,.,.,.,.,2,3,2,2,1,3,2,3,3,3,3,1,1,2,1,4,3,2,1,0
1253,.,.,1.5,1.5,.,.,1.8,1.6,.,.,.,.,.,.,.,.,.,.,.,.,.,.,.,.,.,.,1,3,1,1,1,1,2,4,1,1,1,3,1,1,1,1,4,1,1,0
1254,.,.,3.5,.,.,.,3.6,.,.,.,.,.,.,.,.,.,.,.,.,.,.,.,.,.,.,.,3,4,3,4,3,3,4,4,4,.,.,.,.,.,.,.,.,.,1,0
1255,.,.,3.25,2,.,.,1.6,2.2,.,.,.,.,.,.,.,.,.,.,.,.,.,.,.,.,.,.,3,3,3,4,1,1,2,2,2,2,2,2,2,1,1,3,3,3,1,0
1256,.,.,.,2.5,.,.,.,2.6,.,.,.,.,.,.,.,.,.,.,.,.,.,.,.,.,.,.,.,.,.,.,.,.,.,.,.,4,2,2,2,2,3,3,2,3,0,1
1257,.,.,.,3.75,.,.,.,3.8,.,.,.,.,.,.,.,.,.,.,.,.,.,.,.,.,.,.,.,.,.,.,.,.,.,.,.,4,4,3,4,4,4,3,4,4,1,0
1258,.,.,.,1.75,.,.,.,2.2,.,.,.,.,.,.,.,.,.,.,.,.,.,.,.,.,.,.,.,.,.,.,.,.,.,.,.,1,2,2,2,3,1,2,2,3,0,1
1259,.,.,.,2.75,.,.,.,2.6,.,.,.,.,.,.,.,.,.,.,.,.,.,.,.,.,.,.,.,.,.,.,.,.,.,.,.,4,1,3,3,4,3,1,2,3,1,0
1260,.,.,.,2.75,.,.,.,2.6,.,.,.,.,.,.,.,.,.,.,.,.,.,.,.,.,.,.,.,.,.,.,.,.,.,.,.,4,3,2,2,3,1,4,3,2,1,0
1261,.,.,.,3,.,.,.,2,.,.,.,.,.,.,.,.,.,.,.,.,.,.,.,.,.,.,.,.,.,.,.,.,.,.,.,4,3,3,2,3,2,1,1,3,1,0
1262,.,.,.,3,.,.,.,2.8,.,.,.,.,.,.,.,.,.,.,.,.,.,.,.,.,.,.,.,.,.,.,.,.,.,.,.,3,4,3,2,1,3,3,4,3,1,0
1263,.,.,.,2.75,.,.,.,2.8,.,.,.,.,.,.,.,.,.,.,.,.,.,.,.,.,.,.,.,.,.,.,.,.,.,.,.,3,3,1,4,4,4,2,2,2,1,0
1354,.,.,.,3.75,.,.,.,4,.,.,.,.,.,.,.,.,.,.,.,.,.,.,.,.,.,.,.,.,.,.,.,.,.,.,.,4,3,4,4,4,4,4,4,4,1,0
